,What,When,Where,Why
0, International XQ Ticket Sale," Wednesday, 13th December at 12:00", Sähkötalo Lobby,
0, International XQ Ticket Sale," Wednesday, 13th December at 12:00", Sähkötalo Lobby,
0, International XQ Ticket Sale," Wednesday, 13th December at 12:00", Sähkötalo Lobby,
0, International XQ Ticket Sale," Wednesday, 13th December at 12:00", Sähkötalo Lobby,
0, International XQ Ticket Sale," Wednesday, 13th December at 12:00", Sähkötalo Lobby,
0, International XQ Ticket Sale," Wednesday, 13th December at 12:00", Sähkötalo Lobby,
0, International XQ Ticket Sale," Wednesday, 13th December at 12:00", Sähkötalo Lobby,
0, International XQ Ticket Sale," Wednesday, 13th December at 12:00", Sähkötalo Lobby,
0, International XQ Ticket Sale," Wednesday, 13th December at 12:00", Sähkötalo Lobby,
0, SÄHKÖTALO LOBBY," WEDNESDAY, 13TH DECEMBER AT 12:00",,
0, INTERNATIONAL XQ TICKET SALE," WEDNESDAY, 13TH DECEMBER AT 12:00", SÄHKÖTALO LOBBY,
